,Player,Tm,FantPos,Age,G,GS,Cmp,Att,Yds,TD,Int,Att,Yds,Y/A,TD,Tgt,Rec,Yds,Y/R,TD,Fmb,FL,TD,2PM,2PP,FantPt,PPR,DKPt,FDPt,VBD,PosRank,OvRank,
1,Emmitt Smith*+,DAL,RB,23,16,16,0,0,0,0,0,373,1713,4.59,18,74,59,335,5.68,1,4,,19,,,319,373.8,381.8,344.3,209,1,1,
2,Thurman Thomas*,BUF,RB,26,16,16,0,0,0,0,0,312,1487,4.77,9,87,58,626,10.79,3,6,,12,,,283,335.3,344.3,306.3,174,2,2,
3,Barry Foster *+,PIT,RB,24,16,15,0,1,0,0,0,390,1690,4.33,11,50,36,344,9.56,0,9,,11,,,269,296.4,306.9,278.4,160,3,3,
4,Terry Allen,MIN,RB,24,16,16,0,0,0,0,0,266,1201,4.52,13,70,49,478,9.76,2,9,,15,,,258,297.9,308.4,273.4,148,4,4,
5,Steve Young*+,SFO,QB,31,16,16,268,402,3465,25,7,76,537,7.07,4,,0,0,,0,9,,4,,,302,293.3,310.8,300.3,136,1,5,
6,Sterling Sharpe*+,GNB,WR,27,16,16,0,0,0,0,0,4,8,2.00,0,162,108,1461,13.53,13,2,,13,,,225,330.9,334.9,276.9,132,1,6,
7,Lorenzo White*,HOU,RB,26,16,16,0,0,0,0,0,265,1226,4.63,7,77,57,641,11.25,1,2,,8,,,235,289.7,296.7,261.2,125,5,7,
8,Rodney Hampton *,NYG,RB,23,16,16,0,0,0,0,0,257,1141,4.44,14,38,28,215,7.68,0,1,,14,,,220,246.6,253.1,232.6,110,6,8,
9,Barry Sanders *,DET,RB,24,16,16,0,1,0,0,0,312,1352,4.33,9,40,29,225,7.76,1,6,,10,,,218,240.7,249.7,226.2,108,7,9,
10,Jerry Rice *+,SFO,WR,30,16,16,0,0,0,0,0,9,58,6.44,1,139,84,1201,14.30,10,2,,11,,,192,273.9,277.9,231.9,99,2,10,
11,Ricky Watters*,SFO,RB,23,14,13,0,1,0,0,0,206,1013,4.92,9,52,43,405,9.42,2,2,,11,,,208,248.8,255.8,227.3,98,8,11,
12,Cleveland Gary,RAM,RB,26,16,16,0,0,0,0,0,279,1125,4.03,7,55,52,293,5.63,3,9,,10,,,202,244.8,255.3,218.8,92,9,12,
13,Michael Irvin*,DAL,WR,26,16,14,0,0,0,0,0,1,-9,-9.00,0,122,78,1396,17.90,7,1,,7,,,181,257.7,261.2,218.7,88,3,13,
14,Andre Rison*,ATL,WR,25,15,13,0,0,0,0,0,0,0,,0,144,93,1119,12.03,11,2,,11,,,178,268.9,272.9,222.4,85,4,14,
15,Herschel Walker,PHI,RB,30,16,16,0,1,0,0,0,267,1070,4.01,8,47,38,278,7.32,2,6,,10,,,195,226.8,235.8,207.8,85,10,15,
16,Randall Cunningham,PHI,QB,29,15,15,233,384,2775,19,11,87,549,6.31,5,1,0,0,,0,13,,5,,,250,236.9,260.4,247.9,84,2,16,
17,Reggie Cobb,TAM,RB,24,16,13,0,0,0,0,0,310,1171,3.78,9,25,21,156,7.43,0,3,,9,,,187,204.7,212.2,194.2,77,11,17,
18,Earnest Byner,WAS,RB,30,16,16,1,3,41,1,0,262,998,3.81,6,49,39,338,8.67,1,1,,7,,,181,219.2,225.7,199.7,71,12,18,
19,Dan Marino*,MIA,QB,31,16,16,330,554,4116,24,16,20,66,3.30,0,,0,0,,0,5,,0,,,235,230.2,251.7,246.2,69,3,19,
20,Anthony Miller*,SDG,WR,27,16,16,0,0,0,0,0,1,-1,-1.00,0,137,72,1060,14.72,7,0,,8,,,148,225.9,228.9,189.9,55,5,20,
21,Neal Anderson,CHI,RB,28,16,11,0,0,0,0,0,156,582,3.73,5,65,42,399,9.50,6,6,,11,,,164,200.1,209.1,179.1,54,13,21,
22,Ernest Givins*,HOU,WR,28,16,16,0,0,0,0,0,7,75,10.71,0,111,67,787,11.75,10,3,,10,,,146,210.2,214.7,176.7,54,6,22,
23,Haywood Jeffires*,HOU,WR,28,16,16,0,0,0,0,0,0,0,,0,138,90,913,10.14,9,1,,9,,,145,234.3,237.8,189.3,53,7,23,
24,Troy Aikman*,DAL,QB,26,16,16,302,473,3445,23,14,37,105,2.84,1,,0,0,,0,4,,1,,,218,214.3,236.3,228.3,52,4,24,
25,Fred Barnett*,PHI,WR,26,16,16,0,0,0,0,0,1,-15,-15.00,0,118,67,1083,16.16,6,1,,6,,,143,208.8,212.3,175.3,50,8,25,
26,Michael Haynes,ATL,WR,27,14,14,0,0,0,0,0,0,0,,0,83,48,808,16.83,10,0,,10,,,141,188.8,191.8,164.8,48,9,26,
27,Jay Novacek*+,DAL,TE,30,16,16,0,0,0,0,0,0,0,,0,99,68,630,9.26,6,0,,6,,,99,167.0,170.0,133.0,46,1,27,
28,Eric Martin,NOR,WR,31,16,11,0,0,0,0,0,0,0,,0,100,68,1041,15.31,5,1,,5,,,134,201.1,204.6,167.1,42,10,28,
29,Harold Green*,CIN,RB,24,16,15,0,0,0,0,0,265,1170,4.42,2,48,41,214,5.22,0,1,,2,,,150,190.4,196.9,169.9,41,14,29,
30,Rk,Player,Tm,FantPos,Age,G,GS,Cmp,Att,Yds,TD,Int,Att,Yds,Y/A,TD,Tgt,Rec,Yds,Y/R,TD,Fmb,FL,TD,2PM,2PP,FantPt,PPR,DKPt,FDPt,VBD,PosRank,OvRank
31,Mark Higgs,MIA,RB,26,16,15,0,0,0,0,0,256,915,3.57,7,20,16,142,8.88,0,5,,7,,,148,158.7,167.2,150.7,38,15,30,
32,Jim Kelly*,BUF,QB,32,16,16,269,462,3457,23,19,31,53,1.71,1,,0,0,,0,8,,1,,,204,195.6,221.6,214.6,37,5,31,
33,Keith Jackson *,MIA,TE,27,13,11,0,0,0,0,0,0,0,,0,69,48,594,12.38,5,2,,5,,,89,135.4,139.4,111.4,37,2,32,
34,Brett Favre *,GNB,QB,23,15,13,302,471,3227,18,13,47,198,4.21,1,1,1,-7,-7.00,0,12,,1,,,200,189.2,214.2,201.7,34,6,33,
35,Brent Jones*,SFO,TE,29,15,15,0,0,0,0,0,0,0,,0,64,45,628,13.96,4,1,,4,,,87,130.8,134.3,108.3,34,3,34,
36,Keith Byars,PHI,TE,29,15,15,0,1,0,0,0,41,176,4.29,1,81,56,502,8.96,2,1,,3,,,86,140.8,147.3,112.8,33,4,35,
37,Jim Everett,RAM,QB,29,16,16,281,475,3323,22,18,32,133,4.16,0,,0,0,,0,5,,0,,,198,193.2,219.7,211.2,32,7,36,
38,Gary Clark,WAS,WR,30,16,14,0,0,0,0,0,2,18,9.00,0,131,64,912,14.25,5,1,,5,,,123,186.0,189.5,154.0,31,11,37,
39,Mark Jackson,DEN,WR,29,16,13,0,0,0,0,0,3,-1,-0.33,0,117,48,745,15.52,8,0,,8,,,122,170.4,173.4,146.4,30,12,38,
40,Ronnie Harmon *,SDG,RB,28,16,2,0,0,0,0,0,55,235,4.27,3,102,79,914,11.57,1,4,,4,,,139,213.9,221.9,174.4,29,16,39,
41,Herman Moore,DET,WR,23,12,11,0,0,0,0,0,0,0,,0,89,51,966,18.94,4,0,,4,,,121,171.6,174.6,146.1,28,13,40,
42,Stan Humphries,SDG,QB,27,16,15,263,454,3356,16,18,28,79,2.82,4,,0,0,,0,9,,4,,,194,185.1,210.6,203.1,28,8,41,
43,Michael Jackson,CLE,WR,23,16,14,0,0,0,0,0,1,21,21.00,0,82,47,755,16.06,7,0,,7,,,120,166.6,169.6,143.1,27,14,42,
44,Mark Duper,MIA,WR,33,16,16,0,0,0,0,0,0,0,,0,96,44,762,17.32,7,2,,7,,,118,160.2,164.2,138.2,26,15,43,
45,Mike Pritchard,ATL,WR,23,16,15,0,0,0,0,0,5,37,7.40,0,116,77,827,10.74,5,3,,5,,,116,190.4,194.9,151.9,24,16,44,
46,Andre Reed*,BUF,WR,28,16,16,0,0,0,0,0,8,65,8.13,0,104,65,913,14.05,3,4,,3,,,116,176.8,181.8,144.3,23,17,45,
47,Chris Warren,SEA,RB,24,16,16,0,0,0,0,0,223,1017,4.56,3,28,16,134,8.38,0,2,,3,,,133,147.1,154.1,139.1,23,17,46,
48,Dalton Hilliard,NOR,RB,28,16,4,0,0,0,0,0,115,445,3.87,3,59,48,465,9.69,4,6,,7,,,133,175.0,184.0,151.0,23,18,47,
49,Shannon Sharpe*,DEN,TE,24,16,11,0,0,0,0,0,2,-6,-3.00,0,77,53,640,12.08,2,1,,2,,,75,127.4,130.9,100.9,23,5,48,
50,James Lofton,BUF,WR,36,16,15,0,0,0,0,0,0,0,,0,110,51,786,15.41,6,0,,6,,,115,165.6,168.6,140.1,22,18,49,
51,Anthony Johnson,IND,RB,25,15,13,0,1,0,0,0,178,592,3.33,0,60,49,517,10.55,3,6,,3,,,129,171.9,180.9,147.4,19,19,50,
52,Bobby Hebert,NOR,QB,32,16,16,249,422,3287,19,16,32,95,2.97,0,,0,0,,0,3,,0,,,185,182.0,202.5,198.0,19,9,51,
53,Jackie Harris,GNB,TE,24,16,11,0,0,0,0,0,0,0,,0,82,55,595,10.82,2,1,,2,,,72,125.5,129.0,98.0,19,6,52,
54,Tim Brown,RAI,WR,26,15,12,0,0,0,0,0,3,-4,-1.33,0,95,49,693,14.14,7,6,,7,,,111,153.9,159.9,129.4,18,19,53,
55,Eric Metcalf,CLE,RB,24,16,5,0,1,0,0,0,73,301,4.12,1,69,47,614,13.06,5,6,,7,,,128,174.5,183.5,151.0,18,20,54,
56,Kerry Cash,IND,TE,23,16,16,0,0,0,0,0,0,0,,0,75,43,521,12.12,3,0,,3,,,70,113.1,116.1,91.6,17,7,55,
57,Flipper Anderson,RAM,WR,27,15,9,0,0,0,0,0,0,0,,0,79,38,657,17.29,7,1,,7,,,108,144.7,148.2,125.7,15,20,56,
58,Dave Krieg,KAN,QB,34,16,16,230,413,3115,15,12,37,74,2.00,2,,0,0,,0,10,,2,,,180,170.0,190.0,182.0,14,10,57,
59,Cris Carter,MIN,WR,27,12,12,0,0,0,0,0,5,15,3.00,0,92,53,681,12.85,6,1,,6,,,106,157.6,161.1,131.1,13,21,58,
60,Pete Metzelaars,BUF,TE,32,16,7,0,0,0,0,0,0,0,,0,43,30,298,9.93,6,0,,6,,,66,95.8,98.8,80.8,13,8,59,
61,Rk,Player,Tm,FantPos,Age,G,GS,Cmp,Att,Yds,TD,Int,Att,Yds,Y/A,TD,Tgt,Rec,Yds,Y/R,TD,Fmb,FL,TD,2PM,2PP,FantPt,PPR,DKPt,FDPt,VBD,PosRank,OvRank
62,Brett Perriman,DET,WR,27,16,16,0,0,0,0,0,0,0,,0,107,69,810,11.74,4,1,,4,,,105,173.0,176.5,138.5,13,22,60,
63,Randal Hill,PHO,WR,23,16,14,0,0,0,0,0,1,4,4.00,0,117,58,861,14.84,3,2,,3,,,105,160.5,164.5,131.5,12,23,61,
64,Irving Fryar,NWE,WR,30,15,14,0,0,0,0,0,1,6,6.00,0,106,55,791,14.38,4,0,,4,,,104,158.7,161.7,131.2,11,24,62,
65,Johnny Johnson,PHO,RB,24,12,8,0,0,0,0,0,178,734,4.12,6,19,14,103,7.36,0,2,,6,,,120,131.7,138.7,124.7,10,21,63,
66,Calvin Williams,PHI,WR,25,16,15,0,0,0,0,0,0,0,,0,73,42,598,14.24,7,0,,7,,,102,143.8,146.8,122.8,9,25,64,
67,Curtis Duncan*,HOU,WR,27,16,16,0,0,0,0,0,0,0,,0,110,82,954,11.63,1,0,,1,,,101,183.4,186.4,142.4,9,26,65,
68,Heath Sherman,PHI,RB,25,16,7,0,0,0,0,0,112,583,5.21,5,23,18,219,12.17,1,3,,6,,,116,131.2,138.7,122.2,6,22,66,
69,Rob Moore,NYJ,WR,24,16,15,0,0,0,0,0,1,21,21.00,0,115,50,726,14.52,4,0,,4,,,99,148.7,151.7,123.7,6,27,67,
70,Ron Hall,TAM,TE,28,12,11,0,0,0,0,0,0,0,,0,54,39,351,9.00,4,0,,4,,,59,98.1,101.1,78.6,6,9,68,
71,Warren Moon*,HOU,QB,36,11,10,224,346,2521,18,12,27,147,5.44,1,,0,0,,0,7,,1,,,170,162.5,184.0,174.5,3,11,69,
72,Marion Butts,SDG,RB,26,15,15,0,0,0,0,0,218,809,3.71,4,11,9,73,8.11,0,4,,4,,,112,117.2,122.2,112.7,2,23,70,
73,Terry Orr,WAS,TE,31,16,7,0,0,0,0,0,0,0,,0,33,22,356,16.18,3,1,,3,,,54,74.6,78.1,63.6,1,10,71,
74,Mark Carrier,TAM,WR,27,14,12,0,0,0,0,0,0,0,,0,102,56,692,12.36,4,1,,4,,,93,148.2,151.7,120.2,1,28,72,
75,Marv Cook*,NWE,TE,26,16,15,0,0,0,0,0,0,0,,0,75,52,413,7.94,2,3,,2,,,53,102.3,106.8,76.3,,11,73,
76,Ricky Proehl,PHO,WR,24,16,15,0,1,0,0,1,3,23,7.67,0,107,60,744,12.40,3,5,,3,,,93,147.7,154.2,118.7,,29,74,
77,Ethan Horton,RAI,TE,30,16,16,0,0,0,0,0,0,0,,0,68,33,409,12.39,2,1,,2,,,53,84.9,88.4,68.4,,12,75,
78,Mark Rypien,WAS,QB,30,16,16,269,479,3282,13,17,36,50,1.39,2,,0,0,,0,4,,2,,,166,162.3,184.3,179.3,,12,76,
79,Willie Davis,KAN,WR,25,16,14,0,0,0,0,0,1,-11,-11.00,0,66,36,756,21.00,3,0,,3,,,93,128.5,131.5,110.5,,30,77,
80,Bob Christian,CHI,,24,2,0,0,0,0,0,0,0,0,,0,,0,0,,0,0,,0,,,,,,,,2,78,
81,Chris Chandler,PHO,QB,27,15,13,245,413,2832,15,15,36,149,4.14,1,,0,0,,0,9,,1,,,164,155.2,180.7,170.2,,13,,
82,Jim Harbaugh,CHI,QB,29,16,13,202,358,2486,13,12,47,272,5.79,1,,0,0,,0,6,,1,,,161,154.6,175.6,166.6,,14,,
83,Vinny Testaverde,TAM,QB,29,14,14,206,358,2554,14,16,36,197,5.47,2,,0,0,,0,4,,2,,,158,153.9,177.9,169.9,,15,,
84,Neil O'Donnell*,PIT,QB,26,12,12,185,313,2283,13,9,27,5,0.19,1,,0,0,,0,6,,1,,,132,125.8,140.8,134.8,,16,,
85,Chris Miller,ATL,QB,27,8,8,152,253,1739,15,6,23,89,3.87,0,,0,0,,0,6,,0,,,126,120.5,132.5,126.5,,17,,
86,John Elway,DEN,QB,32,12,12,174,316,2242,10,17,34,94,2.76,2,,0,0,,0,12,,2,,,117,105.1,131.1,122.1,,18,,
87,Rich Gannon,MIN,QB,27,12,12,159,279,1905,12,13,45,187,4.16,0,,0,0,,0,5,,0,,,117,111.9,133.4,124.9,,19,,
88,Jeff Hostetler,NYG,QB,31,13,9,103,192,1225,8,3,35,172,4.91,3,,0,0,,0,6,,3,,,110,104.2,116.2,107.2,,20,,
89,Bobby Humphrey,MIA,RB,26,16,1,0,0,0,0,0,102,471,4.62,1,75,54,507,9.39,1,2,,2,,,110,161.8,168.8,134.8,,24,,
90,Brad Baxter,NYJ,RB,25,15,15,0,0,0,0,0,152,698,4.59,6,10,4,32,8.00,0,3,,6,,,109,110.0,114.5,108.0,,25,,
91,Brad Muster,CHI,RB,27,16,16,0,1,0,0,1,98,414,4.22,3,45,34,389,11.44,2,2,,5,,,108,140.3,148.3,124.3,,26,,
92,Rk,Player,Tm,FantPos,Age,G,GS,Cmp,Att,Yds,TD,Int,Att,Yds,Y/A,TD,Tgt,Rec,Yds,Y/R,TD,Fmb,FL,TD,2PM,2PP,FantPt,PPR,DKPt,FDPt,VBD,PosRank,OvRank
93,Tom Rathman,SFO,RB,30,15,15,0,0,0,0,0,57,194,3.40,5,55,44,343,7.80,4,1,,9,,,108,150.7,157.2,128.7,,27,,
94,John Williams,SEA,RB,28,16,16,0,0,0,0,0,114,339,2.97,1,122,74,556,7.51,2,4,,3,,,108,177.5,185.5,140.5,,28,,
95,Rodney Culver,IND,RB,23,16,2,0,0,0,0,0,121,321,2.65,7,35,26,210,8.08,2,2,,9,,,107,131.1,138.1,118.1,,29,,
96,Kenneth Davis,BUF,RB,30,16,0,0,0,0,0,0,139,613,4.41,6,18,15,80,5.33,0,5,,6,,,105,115.3,120.8,107.8,,30,,
97,Wade Wilson,ATL,QB,33,9,3,111,163,1366,13,4,15,62,4.13,0,,0,0,,0,0,,0,,,105,104.8,111.8,108.8,,21,,
98,Vince Workman,GNB,RB,24,10,10,0,0,0,0,0,159,631,3.97,2,59,47,290,6.17,0,4,,2,,,104,147.1,155.1,123.6,,31,,
99,Derrick Fenner,CIN,RB,25,16,1,0,0,0,0,0,112,500,4.46,7,12,7,41,5.86,1,1,,8,,,102,108.1,111.6,104.6,,32,,
100,Eric Dickerson,RAI,RB,32,16,15,0,0,0,0,0,187,729,3.90,2,22,14,85,6.07,1,1,,3,,,99,112.4,115.9,105.4,,33,,
101,Kevin Mack,CLE,RB,30,12,6,0,0,0,0,0,169,543,3.21,6,15,13,81,6.23,0,1,,6,,,98,110.4,113.9,103.9,,34,,
102,Reggie Rivers,DEN,RB,24,16,3,0,0,0,0,0,74,282,3.81,3,63,45,449,9.98,1,2,,4,,,97,140.1,147.1,117.6,,35,,
103,Jay Schroeder,RAI,QB,31,13,9,123,253,1476,11,11,28,160,5.71,0,,0,0,,0,5,,0,,,97,92.0,111.5,103.0,,22,,
104,Cody Carlson,HOU,QB,29,11,6,149,227,1710,9,11,27,77,2.85,1,,0,0,,0,8,,1,,,96,88.1,106.1,99.1,,23,,
105,Rodney Peete,DET,QB,26,10,10,123,213,1702,9,9,21,83,3.95,0,,0,0,,0,6,,0,,,94,88.4,103.4,97.4,,24,,
106,Barry Word,KAN,RB,29,12,11,0,0,0,0,0,163,607,3.72,4,14,9,80,8.89,0,2,,4,,,93,99.7,103.7,95.2,,36,,
107,Henry Ellard,RAM,WR,31,16,15,0,0,0,0,0,0,0,,0,88,47,727,15.47,3,0,,3,,,91,137.7,140.7,114.2,,33,,
108,Ed McCaffrey,NYG,WR,24,16,3,0,0,0,0,0,0,0,,0,74,49,610,12.45,5,2,,5,,,91,138.0,142.0,113.5,,32,,
109,Browning Nagle,NYJ,QB,24,14,13,192,387,2280,7,17,24,57,2.38,0,,0,0,,0,12,,0,,,91,78.9,104.9,95.9,,25,,
110,Tom Waddle,CHI,WR,25,12,12,0,0,0,0,0,0,0,,0,80,46,674,14.65,4,1,,4,,,91,136.4,139.9,113.4,,31,,
111,Wendell Davis,CHI,WR,26,16,15,0,0,0,0,0,4,42,10.50,0,110,54,734,13.59,2,0,,2,,,90,143.6,146.6,116.6,,34,,
112,Willie Green,DET,WR,26,15,13,0,0,0,0,0,0,0,,0,78,33,586,17.76,5,1,,5,,,89,120.6,124.1,104.1,,35,,
113,Ricky Sanders,WAS,WR,32,15,5,0,0,0,0,0,4,-6,-1.50,0,91,51,707,13.86,3,0,,3,,,88,139.1,142.1,113.6,,36,,
114,Quinn Early,NOR,WR,27,16,16,0,0,0,0,0,3,-1,-0.33,0,64,30,566,18.87,5,0,,5,,,87,116.5,119.5,101.5,,38,,
115,Ricky Ervins,WAS,RB,24,16,0,0,0,0,0,0,151,495,3.28,2,42,32,252,7.88,0,1,,2,,,87,117.7,124.2,101.7,,37,,
116,Art Monk,WAS,WR,35,16,14,0,0,0,0,0,6,45,7.50,0,89,46,644,14.00,3,1,,3,,,87,131.9,135.4,108.9,,37,,
117,Reggie Langhorne,IND,WR,29,16,12,0,0,0,0,0,1,-7,-7.00,0,124,65,811,12.48,1,0,,1,,,86,151.4,154.4,118.9,,39,,
118,Mike Tomczak,CLE,QB,30,12,8,120,211,1693,7,7,24,39,1.63,0,,0,0,,0,5,,0,,,86,80.6,93.1,87.6,,26,,
119,Jeff George,IND,QB,25,10,10,167,306,1963,7,15,14,26,1.86,1,,0,0,,0,6,,1,,,85,79.1,100.1,94.1,,27,,
120,Gaston Green,DEN,RB,26,14,13,0,0,0,0,0,161,648,4.02,2,13,10,79,7.90,0,0,,2,,,85,94.7,97.7,89.7,,38,,
121,Jessie Hester,IND,WR,29,16,16,0,0,0,0,0,0,0,,0,122,52,792,15.23,1,0,,1,,,85,137.2,140.2,111.2,,40,,
122,David Lang,RAM,RB,24,16,11,0,0,0,0,0,33,203,6.15,5,26,18,283,15.72,1,5,,6,,,85,97.6,106.1,88.6,,39,,
123,Rk,Player,Tm,FantPos,Age,G,GS,Cmp,Att,Yds,TD,Int,Att,Yds,Y/A,TD,Tgt,Rec,Yds,Y/R,TD,Fmb,FL,TD,2PM,2PP,FantPt,PPR,DKPt,FDPt,VBD,PosRank,OvRank
124,Lawrence Dawsey,TAM,WR,25,15,12,0,0,0,0,0,0,0,,0,94,60,776,12.93,1,1,,1,,,84,142.6,146.1,112.6,,41,,
125,Rod Bernstine,SDG,RB,27,9,1,0,0,0,0,0,106,499,4.71,4,25,12,86,7.17,0,2,,4,,,83,92.5,96.5,86.5,,40,,
126,Anthony Carter,MIN,WR,32,16,14,0,1,0,0,0,16,66,4.13,1,80,41,580,14.15,2,1,,3,,,83,122.6,126.1,102.1,,43,,
127,Nate Lewis,SDG,WR,26,15,7,0,0,0,0,0,2,7,3.50,0,64,34,580,17.06,4,1,,4,,,83,115.7,119.2,98.7,,42,,
128,J.J. Birden,KAN,WR,27,16,11,0,0,0,0,0,0,0,,0,78,42,644,15.33,3,3,,3,,,82,121.4,125.9,100.4,,44,,
129,Roger Craig,MIN,RB,32,15,1,0,0,0,0,0,105,416,3.96,4,30,22,164,7.45,0,2,,4,,,82,102.0,109.0,91.0,,41,,
130,Alvin Harper,DAL,WR,24,16,13,0,0,0,0,0,1,15,15.00,0,77,35,562,16.06,4,1,,4,,,82,115.7,119.2,98.2,,45,,
131,Vaughn Dunbar,NOR,RB,24,16,8,0,0,0,0,0,154,565,3.67,3,14,9,62,6.89,0,3,,3,,,81,86.7,91.2,82.2,,43,,
132,Christian Okoye,KAN,RB,31,15,5,0,0,0,0,0,144,448,3.11,6,4,1,5,5.00,0,2,,6,,,81,80.3,84.3,79.8,,42,,
133,Mark Clayton,MIA,WR,31,13,13,0,0,0,0,0,0,0,,0,89,43,619,14.40,3,1,,3,,,80,121.9,125.4,100.4,,47,,
134,Drew Hill,ATL,WR,36,16,14,0,0,0,0,0,0,0,,0,98,60,623,10.38,3,1,,3,,,80,139.3,142.8,109.3,,46,,
135,Ernie Jones,PHO,WR,28,11,5,0,0,0,0,0,2,-3,-1.50,0,73,38,559,14.71,4,0,,4,,,80,117.6,120.6,98.6,,49,,
136,Darren Lewis,CHI,RB,24,16,5,0,0,0,0,0,90,382,4.24,4,27,18,175,9.72,0,4,,5,,,80,99.7,107.7,90.7,,44,,
137,Dwight Stone,PIT,WR,28,15,12,0,0,0,0,0,12,118,9.83,0,68,34,501,14.74,3,0,,3,,,80,113.9,119.9,96.9,,48,,
138,Jarrod Bunch,NYG,RB,24,16,13,0,0,0,0,0,104,501,4.82,3,16,11,50,4.55,1,3,,4,,,79,87.1,91.6,81.6,,45,,
139,Chris Burkett,NYJ,WR,30,16,5,0,0,0,0,0,0,0,,0,95,57,724,12.70,1,1,,1,,,78,134.4,137.9,105.9,,50,,
140,Boomer Esiason,CIN,QB,31,12,11,144,278,1407,11,15,21,66,3.14,0,,0,0,,0,12,,0,,,77,64.9,88.9,79.9,,28,,
141,Jeff Graham,PIT,WR,23,14,10,0,0,0,0,0,0,0,,0,94,49,711,14.51,1,0,,1,,,77,126.1,129.1,101.6,,51,,
142,Marcus Allen,RAI,RB,32,16,0,0,0,0,0,0,67,301,4.49,2,44,28,277,9.89,1,1,,3,,,76,102.8,109.3,88.8,,46,,
143,Craig Heyward,NOR,RB,26,16,13,0,0,0,0,0,104,416,4.00,3,25,19,159,8.37,0,1,,3,,,76,93.5,100.0,84.0,,47,,
144,Willie Gault,RAI,WR,32,16,16,0,0,0,0,0,1,6,6.00,0,76,27,508,18.81,4,0,,4,,,75,102.4,105.4,88.9,,52,,
145,Webster Slaughter,HOU,WR,28,12,9,0,0,0,0,0,3,20,6.67,0,61,39,486,12.46,4,3,,4,,,75,110.6,115.1,91.1,,53,,
146,Harry Sydney,GNB,RB,33,16,10,0,0,0,0,0,51,163,3.20,2,65,49,384,7.84,1,2,,3,,,73,119.7,126.7,95.2,,48,,
147,Hugh Millen,NWE,QB,29,7,7,124,203,1203,8,10,17,108,6.35,0,1,0,0,,0,8,,0,,,71,62.9,82.9,72.9,,29,,
148,Amp Lee,SFO,RB,21,16,3,0,0,0,0,0,91,362,3.98,2,25,20,102,5.10,2,1,,4,,,70,89.4,95.9,79.4,,49,,
149,Tim Barnett,KAN,WR,24,12,3,0,0,0,0,0,0,0,,0,44,24,442,18.42,4,1,,4,,,68,91.2,94.7,79.2,,54,,
150,Larry Centers,PHO,RB,24,16,1,0,0,0,0,0,37,139,3.76,0,59,50,417,8.34,2,1,,2,,,68,116.6,123.1,91.6,,50,,
151,Arthur Marshall,DEN,WR,23,16,1,1,1,81,1,0,11,56,5.09,0,45,26,493,18.96,1,3,,1,,,68,91.1,95.6,78.1,,55,,
152,Don Beebe,BUF,WR,28,12,8,0,0,0,0,0,1,-6,-6.00,0,58,33,554,16.79,2,1,,2,,,67,98.8,102.3,82.3,,57,,
153,Tony Martin,MIA,WR,27,16,3,0,1,0,0,0,1,-2,-2.00,0,65,33,553,16.76,2,2,,2,,,67,98.1,102.1,81.6,,56,,
154,Rk,Player,Tm,FantPos,Age,G,GS,Cmp,Att,Yds,TD,Int,Att,Yds,Y/A,TD,Tgt,Rec,Yds,Y/R,TD,Fmb,FL,TD,2PM,2PP,FantPt,PPR,DKPt,FDPt,VBD,PosRank,OvRank
155,Bernie Kosar,CLE,QB,29,7,7,103,155,1160,8,7,5,12,2.40,0,,0,0,,0,1,,0,,,66,64.6,75.1,71.6,,30,,
156,Sean Salisbury,MIN,QB,29,10,4,97,175,1203,5,2,11,0,0.00,0,,0,0,,0,4,,0,,,64,60.1,67.1,62.1,,31,,
157,Stan Gelbaugh,SEA,QB,30,10,8,121,255,1307,6,11,16,79,4.94,0,,0,0,,0,9,,0,,,62,53.2,71.7,64.2,,32,,
158,Todd McNair,KAN,RB,27,16,0,0,0,0,0,0,21,124,5.90,1,62,44,380,8.64,1,1,,2,,,62,105.4,111.9,83.4,,51,,
159,John Taylor,SFO,WR,30,9,8,0,0,0,0,0,1,10,10.00,0,35,25,428,17.12,3,0,,3,,,62,86.8,89.8,74.3,,58,,
160,Leroy Hoard,CLE,RB,24,16,9,0,0,0,0,0,54,236,4.37,0,48,26,310,11.92,1,3,,1,,,61,83.6,91.1,70.6,,52,,
161,Mike Sherrard,SFO,WR,29,16,8,0,0,0,0,0,0,0,,0,58,38,607,15.97,0,1,,1,,,61,103.7,107.2,84.7,,59,,
162,Jon Vaughn,NWE,RB,22,16,5,0,0,0,0,0,113,451,3.99,1,21,13,84,6.46,0,6,,2,,,60,72.5,78.5,66.0,,53,,
163,Nick Bell,RAI,RB,24,16,1,0,0,0,0,0,81,366,4.52,3,6,4,40,10.00,0,2,,3,,,59,60.6,64.6,58.6,,54,,
164,Tim McGee,CIN,WR,28,16,16,0,0,0,0,0,0,0,,0,90,35,408,11.66,3,0,,3,,,59,93.8,96.8,76.3,,60,,
165,Steve Broussard,ATL,RB,25,15,1,0,0,0,0,0,84,363,4.32,1,16,11,96,8.73,1,3,,2,,,58,65.9,70.4,60.4,,55,,
166,Terance Mathis,NYJ,WR,25,16,1,0,0,0,0,0,3,25,8.33,1,41,22,316,14.36,3,2,,4,,,58,78.1,82.1,67.1,,62,,
167,Ernie Mills,PIT,WR,24,16,5,0,0,0,0,0,1,20,20.00,0,50,30,383,12.77,3,2,,3,,,58,86.3,90.3,71.3,,61,,
168,Leonard Harris,HOU,WR,32,14,7,0,0,0,0,0,1,8,8.00,0,55,35,435,12.43,2,0,,2,,,56,91.3,94.3,73.8,,63,,
169,Hassan Jones,MIN,WR,28,9,5,1,1,18,0,0,1,1,1.00,0,48,22,308,14.00,4,0,,4,,,56,77.6,80.6,66.6,,64,,
170,John Stephens,NWE,RB,26,16,16,0,0,0,0,0,75,277,3.69,2,33,21,161,7.67,0,0,,2,,,56,76.8,82.8,66.3,,57,,
171,Darrell Thompson,GNB,RB,25,7,4,0,0,0,0,0,76,254,3.34,2,16,13,129,9.92,1,2,,3,,,56,67.3,74.3,60.8,,56,,
172,Tommy Kane,SEA,WR,28,11,11,0,0,0,0,0,0,0,,0,70,27,369,13.67,3,0,,3,,,55,81.9,84.9,68.4,,65,,
173,Gary Anderson,TAM,RB,31,15,4,0,0,0,0,0,55,194,3.53,1,54,34,284,8.35,0,3,,1,,,54,84.8,92.3,67.8,,59,,
174,Bill Brooks,IND,WR,28,14,10,0,0,0,0,0,2,14,7.00,0,81,44,468,10.64,1,0,,1,,,54,98.2,101.2,76.2,,66,,
175,Jeff Chadwick,RAM,WR,32,14,2,0,0,0,0,0,0,0,,0,61,29,362,12.48,3,1,,3,,,54,82.2,85.7,67.7,,67,,
176,Greg Lewis,DEN,RB,23,16,2,0,1,0,0,0,73,268,3.67,4,4,4,30,7.50,0,2,,4,,,54,55.8,59.8,53.8,,58,,
177,Tony Paige,MIA,RB,30,16,16,0,0,0,0,0,7,11,1.57,1,60,48,399,8.31,1,1,,2,,,53,100.0,103.5,76.0,,61,,
178,Leonard Russell,NWE,RB,23,11,10,0,0,0,0,0,123,390,3.17,2,14,11,24,2.18,0,3,,2,,,53,61.4,65.9,55.9,,60,,
179,Phil Simms,NYG,QB,37,4,4,83,137,912,5,3,6,17,2.83,0,,0,0,,0,0,,0,,,52,52.2,58.2,55.2,,33,,
180,Steve Jordan,MIN,TE,31,14,12,0,0,0,0,0,0,0,,0,40,28,394,14.07,2,0,,2,,,51,79.4,82.4,65.4,,13,,
181,Anthony Morgan,CHI,WR,25,12,4,0,0,0,0,0,3,68,22.67,0,32,14,323,23.07,2,0,,2,,,51,65.1,68.1,58.1,,69,,
182,Lawyer Tillman,CLE,WR,26,11,9,0,0,0,0,0,2,15,7.50,0,54,25,498,19.92,0,1,,0,,,51,75.3,78.8,62.8,,68,,
183,Jack Trudeau,IND,QB,30,11,5,105,181,1271,4,8,13,6,0.46,0,,0,0,,0,3,,0,,,51,48.4,60.9,56.4,,34,,
184,Derrick Walker,SDG,TE,25,16,16,0,0,0,0,0,0,0,,0,62,34,393,11.56,2,0,,2,,,51,85.3,88.3,68.3,,14,,
185,Rk,Player,Tm,FantPos,Age,G,GS,Cmp,Att,Yds,TD,Int,Att,Yds,Y/A,TD,Tgt,Rec,Yds,Y/R,TD,Fmb,FL,TD,2PM,2PP,FantPt,PPR,DKPt,FDPt,VBD,PosRank,OvRank
186,Fred Banks,MIA,WR,30,16,0,0,0,0,0,0,0,0,,0,36,22,319,14.50,3,0,,3,,,50,71.9,74.9,60.9,,70,,
187,Shawn Jefferson,SDG,WR,23,16,1,0,0,0,0,0,0,0,,0,51,29,377,13.00,2,0,,2,,,50,78.7,81.7,64.2,,71,,
188,Leroy Thompson,PIT,RB,23,15,2,0,0,0,0,0,35,157,4.49,1,29,22,278,12.64,0,2,,1,,,50,69.5,76.5,58.5,,63,,
189,Tommy Vardell,CLE,RB,23,14,10,0,0,0,0,0,99,369,3.73,0,13,13,128,9.85,0,0,,0,,,50,62.7,68.7,56.2,,62,,
190,Eric Bieniemy,SDG,RB,23,15,0,0,0,0,0,0,74,264,3.57,3,7,5,49,9.80,0,4,,3,,,49,50.3,55.3,47.8,,64,,
191,Todd Marinovich,RAI,QB,23,7,7,81,165,1102,5,9,9,30,3.33,0,,0,0,,0,4,,0,,,49,45.1,59.1,54.1,,35,,
192,Greg McMurtry,NWE,WR,25,16,15,0,1,0,0,0,2,3,1.50,0,66,35,424,12.11,1,0,,1,,,49,83.7,86.7,66.2,,72,,
193,Blair Thomas,NYJ,RB,25,9,7,0,0,0,0,0,97,440,4.54,0,10,7,49,7.00,0,2,,0,,,49,53.9,57.9,50.4,,65,,
194,Howard Cross,NYG,TE,25,16,16,0,0,0,0,0,0,0,,0,41,27,357,13.22,2,2,,2,,,48,72.7,76.7,59.2,,15,,
195,Mark Ingram,NYG,WR,27,12,12,0,0,0,0,0,0,0,,0,56,27,408,15.11,1,0,,1,,,47,73.8,76.8,60.3,,73,,
196,Courtney Hawkins,TAM,WR,23,16,5,0,0,0,0,0,0,0,,0,36,20,336,16.80,2,2,,2,,,46,63.6,67.6,53.6,,75,,
197,Anthony McDowell,TAM,RB,24,12,8,0,0,0,0,0,14,81,5.79,0,37,27,258,9.56,2,1,,2,,,46,71.9,75.4,58.4,,67,,
198,Torrance Small,NOR,WR,22,13,2,0,0,0,0,0,0,0,,0,46,23,278,12.09,3,0,,3,,,46,68.8,71.8,57.3,,74,,
199,Tony Smith,ATL,RB,22,14,6,0,0,0,0,0,87,329,3.78,2,3,2,14,7.00,0,4,,2,,,46,44.3,49.3,43.3,,66,,
200,Stephen Baker,NYG,WR,28,16,11,0,0,0,0,0,0,0,,0,59,17,333,19.59,2,0,,2,,,45,62.3,65.3,53.8,,76,,
201,Jeff Query,CIN,WR,25,10,2,0,0,0,0,0,1,1,1.00,0,36,16,265,16.56,3,0,,3,,,45,60.6,63.6,52.6,,77,,
202,Mark Bavaro,CLE,TE,29,16,16,0,0,0,0,0,0,0,,0,35,25,315,12.60,2,0,,2,,,44,68.5,71.5,56.0,,17,,
203,Merril Hoge,PIT,RB,27,16,11,0,0,0,0,0,41,150,3.66,0,42,28,231,8.25,1,3,,1,,,44,69.1,76.6,55.1,,68,,
204,Jim Price,RAM,TE,26,15,3,0,0,0,0,0,0,0,,0,57,34,324,9.53,2,2,,2,,,44,76.4,80.4,59.4,,16,,
205,Daryl Johnston,DAL,RB,26,16,16,0,0,0,0,0,17,61,3.59,0,38,32,249,7.78,2,0,,2,,,43,75.0,78.0,59.0,,69,,
206,Billy Joe Tolliver,ATL,QB,26,9,5,73,131,787,5,5,4,15,3.75,0,,0,0,,0,5,,0,,,43,38.0,48.5,43.0,,37,,
207,Al Toon,NYJ,WR,29,9,8,0,0,0,0,0,0,0,,0,57,31,311,10.03,2,0,,2,,,43,74.1,77.1,58.6,,78,,
208,Andre Ware,DET,QB,24,4,3,50,86,677,3,4,20,124,6.20,0,,0,0,,0,6,,0,,,43,37.5,50.5,41.5,,36,,
209,Wesley Carroll,NOR,WR,25,16,5,0,0,0,0,0,0,0,,0,39,18,292,16.22,2,1,,2,,,41,58.2,61.7,49.2,,80,,
210,Pat Carter,RAM,TE,26,16,16,0,0,0,0,0,0,0,,0,35,20,232,11.60,3,0,,3,,,41,61.2,64.2,51.2,,18,,
211,Vance Johnson,DEN,WR,29,11,7,0,0,0,0,0,0,0,,0,47,24,294,12.25,2,1,,2,,,41,64.4,67.9,52.4,,79,,
212,Steve Smith,RAI,RB,28,16,15,0,0,0,0,0,44,129,2.93,0,41,28,217,7.75,1,0,,1,,,41,68.6,74.6,54.6,,70,,
213,Chris Calloway,NYG,WR,24,16,1,0,0,0,0,0,0,0,,0,49,27,335,12.41,1,0,,1,,,40,66.5,69.5,53.0,,81,,
214,Rodney Holman,CIN,TE,32,16,13,0,0,0,0,0,0,0,,0,37,26,266,10.23,2,0,,2,,,39,64.6,67.6,51.6,,19,,
215,Carl Pickens,CIN,WR,22,16,10,0,0,0,0,0,0,0,,0,56,26,326,12.54,1,3,,2,,,39,67.6,72.1,54.6,,82,,
216,Rk,Player,Tm,FantPos,Age,G,GS,Cmp,Att,Yds,TD,Int,Att,Yds,Y/A,TD,Tgt,Rec,Yds,Y/R,TD,Fmb,FL,TD,2PM,2PP,FantPt,PPR,DKPt,FDPt,VBD,PosRank,OvRank
217,Adrian Cooper,PIT,TE,24,16,15,0,0,0,0,0,0,0,,0,31,16,197,12.31,3,1,,3,,,38,52.7,56.2,44.7,,20,,
218,Michael Timpson,NWE,WR,25,16,2,0,0,0,0,0,0,0,,0,54,26,315,12.12,1,0,,1,,,38,63.5,66.5,50.5,,83,,
219,Ivory Lee Brown,PHO,RB,23,7,5,0,0,0,0,0,68,194,2.85,2,7,7,54,7.71,0,0,,2,,,37,43.8,46.8,40.3,,72,,
220,Keith Jones,ATL,RB,26,16,8,0,1,0,0,0,79,278,3.52,0,14,12,94,7.83,0,2,,0,,,37,47.2,51.2,41.2,,71,,
221,Eric Ball,CIN,RB,26,16,14,0,0,0,0,0,16,55,3.44,2,17,6,66,11.00,2,1,,4,,,36,41.1,41.6,38.1,,73,,
222,Willie Drewrey,TAM,WR,29,9,2,0,0,0,0,0,0,0,,0,26,16,237,14.81,2,0,,2,,,36,51.7,54.7,43.7,,84,,
223,Louis Clark,SEA,WR,28,10,9,0,0,0,0,0,0,0,,0,57,20,290,14.50,1,0,,1,,,35,55.0,58.0,45.0,,85,,
224,Ben Coates,NWE,TE,23,16,2,0,0,0,0,0,1,2,2.00,0,34,20,171,8.55,3,1,,3,,,35,54.3,57.8,44.3,,21,,
225,Carwell Gardner,BUF,RB,26,16,7,0,0,0,0,0,40,166,4.15,2,9,7,67,9.57,0,0,,2,,,35,42.3,45.3,38.8,,74,,
226,David Klingler,CIN,QB,23,4,4,47,98,530,3,2,11,53,4.82,0,,0,0,,0,3,,0,,,35,31.5,38.0,33.5,,38,,
227,Harvey Williams,KAN,RB,25,14,0,0,0,0,0,0,78,262,3.36,1,7,5,24,4.80,0,1,,1,,,35,38.6,42.1,36.1,,75,,
228,Erik Kramer,DET,QB,28,7,3,58,106,771,4,8,12,34,2.83,0,,0,0,,0,4,,0,,,34,30.2,43.2,38.2,,41,,
229,Tommy Maddox,DEN,QB,21,13,4,66,121,757,5,9,9,20,2.22,0,,0,0,,0,4,,0,,,34,30.3,44.3,39.3,,40,,
230,Ken O'Brien,NYJ,QB,32,10,3,55,98,642,5,6,8,8,1.00,0,,0,0,,0,0,,0,,,34,34.5,43.5,40.5,,39,,
231,Kelly Stouffer,SEA,QB,28,9,7,92,190,900,3,9,9,37,4.11,0,,0,0,,0,12,,0,,,34,21.7,39.7,30.7,,42,,
232,Steve DeBerg,TAM,QB,38,6,2,76,125,710,3,4,3,3,1.00,0,,0,0,,0,2,,0,,,33,30.7,38.7,34.7,,44,,
233,Vince Evans,RAI,QB,37,5,0,29,53,372,4,3,11,79,7.18,0,,0,0,,0,1,,0,,,33,31.8,38.3,34.8,,43,,
234,Keith Henderson,2TM,RB,26,15,0,1,1,36,1,0,44,150,3.41,1,10,5,64,12.80,0,4,,1,,,33,33.8,38.8,31.3,,76,,
235,Brian Blades,SEA,WR,27,6,5,0,0,0,0,0,1,5,5.00,0,32,19,256,13.47,1,1,,1,,,32,50.1,53.6,40.6,,86,,
236,Donald Hollas,CIN,QB,25,10,1,35,58,335,2,0,20,109,5.45,0,,0,0,,0,6,,0,,,32,26.3,35.3,26.3,,45,,
237,Keith Jennings,CHI,TE,26,16,14,0,0,0,0,0,0,0,,0,33,23,264,11.48,1,0,,1,,,32,55.4,58.4,43.9,,22,,
238,Freeman McNeil,NYJ,RB,33,12,1,0,0,0,0,0,43,170,3.95,0,25,16,154,9.63,0,1,,0,,,32,47.4,53.9,39.4,,77,,
239,Odessa Turner,SFO,WR,28,16,0,0,0,0,0,0,0,0,,0,17,9,200,22.22,2,1,,2,,,32,40.0,43.5,35.5,,87,,
240,Edgar Bennett,GNB,RB,23,16,2,0,0,0,0,0,61,214,3.51,0,14,13,93,7.15,0,2,,0,,,31,41.7,45.7,35.2,,80,,
241,Robert Delpino,RAM,RB,27,10,4,0,0,0,0,0,32,115,3.59,0,30,18,139,7.72,1,2,,1,,,31,47.4,54.4,38.4,,78,,
242,Mark Green,CHI,RB,25,15,0,0,0,0,0,0,23,107,4.65,2,9,7,85,12.14,0,0,,2,,,31,38.2,41.2,34.7,,79,,
243,Craig Thompson,CIN,TE,23,16,3,0,0,0,0,0,0,0,,0,28,19,194,10.21,2,0,,2,,,31,50.4,53.4,40.9,,23,,
244,Pat Chaffey,NYJ,RB,25,14,0,0,0,0,0,0,27,186,6.89,1,12,7,56,8.00,0,0,,1,,,30,37.2,40.2,33.7,,81,,
245,Joe Johnson,MIN,WR,30,15,6,0,0,0,0,0,4,26,6.50,0,44,21,211,10.05,1,0,,1,,,30,50.7,53.7,40.2,,88,,
246,Alexander Wright,2TM,WR,25,13,1,0,0,0,0,0,0,0,,0,24,12,175,14.58,2,1,,2,,,30,40.5,44.0,34.5,,89,,
247,Rk,Player,Tm,FantPos,Age,G,GS,Cmp,Att,Yds,TD,Int,Att,Yds,Y/A,TD,Tgt,Rec,Yds,Y/R,TD,Fmb,FL,TD,2PM,2PP,FantPt,PPR,DKPt,FDPt,VBD,PosRank,OvRank
248,Scott Zolak,NWE,QB,25,6,4,52,100,561,2,4,18,71,3.94,0,,0,0,,0,5,,0,,,30,24.5,34.0,28.5,,46,,
249,Peter Tom Willis,CHI,QB,25,9,2,54,92,716,4,8,1,2,2.00,0,,0,0,,0,0,,0,,,29,28.8,39.8,36.8,,47,,
250,Bubby Brister,PIT,QB,30,6,4,63,116,719,2,5,10,16,1.60,0,,0,0,,0,2,,0,,,28,26.4,35.4,31.4,,48,,
251,Sam Graddy,RAI,WR,28,7,1,0,0,0,0,0,0,0,,0,21,10,205,20.50,1,0,,1,,,27,36.5,39.5,31.5,,91,,
252,Eric Green,PIT,TE,25,7,3,0,0,0,0,0,0,0,,0,24,14,152,10.86,2,0,,2,,,27,41.2,44.2,34.2,,24,,
253,Fred Jones,KAN,WR,25,14,4,0,0,0,0,0,0,0,,0,34,18,265,14.72,0,0,,0,,,27,44.5,47.5,35.5,,92,,
254,Johnny Mitchell,NYJ,TE,21,11,3,0,0,0,0,0,0,0,,0,29,16,210,13.13,1,0,,1,,,27,43.0,46.0,35.0,,25,,
255,Cedric Tillman,DEN,WR,22,9,1,0,0,0,0,0,0,0,,0,18,12,211,17.58,1,0,,1,,,27,39.1,42.1,33.1,,90,,
256,Aaron Cox,RAM,WR,27,10,4,0,0,0,0,0,0,0,,0,25,18,261,14.50,0,0,,0,,,26,44.1,47.1,35.1,,93,,
257,Steve Bono,SFO,QB,30,16,0,36,56,463,2,2,15,23,1.53,0,,0,0,,0,2,,0,,,25,22.8,28.8,24.8,,49,,
258,Brian Brennan,2TM,WR,30,15,0,0,0,0,0,0,0,0,,0,32,19,188,9.89,1,0,,1,,,25,43.8,46.8,34.3,,94,,
259,Andrew Glover,RAI,TE,25,16,2,0,0,0,0,0,0,0,,0,22,15,178,11.87,1,1,,1,,,24,37.8,41.3,30.3,,26,,
260,Tom Hodson,NWE,QB,25,9,3,50,91,496,2,2,5,11,2.20,0,1,1,-6,-6.00,0,2,,0,,,24,23.3,29.3,24.8,,50,,
261,Curvin Richards,DAL,RB,24,9,0,0,0,0,0,0,49,176,3.59,1,3,3,8,2.67,0,3,,1,,,24,24.4,28.9,22.9,,82,,
262,Keith Cash,KAN,TE,23,15,8,0,0,0,0,0,0,0,,0,15,12,113,9.42,2,0,,2,,,23,35.3,38.3,29.3,,27,,
263,Jeff Campbell,DET,WR,24,12,2,0,0,0,0,0,0,0,,0,12,8,155,19.38,1,1,,1,,,22,28.5,32.0,24.5,,97,,
264,Rob Carpenter,NYJ,WR,24,16,0,0,1,0,0,0,1,2,2.00,0,25,13,161,12.38,1,3,,1,,,22,32.3,36.8,25.8,,95,,
265,Reggie Rembert,CIN,WR,26,9,4,0,0,0,0,0,0,0,,0,37,19,219,11.53,0,0,,0,,,22,40.9,43.9,31.4,,96,,
266,Charles Arbuckle,IND,TE,24,16,3,0,0,0,0,0,0,0,,0,18,13,152,11.69,1,0,,1,,,21,34.2,37.2,27.7,,28,,
267,Anthony Edwards,PHO,WR,26,16,0,0,0,0,0,0,0,0,,0,30,14,147,10.50,1,0,,1,,,21,34.7,37.7,27.7,,98,,
268,Tony Hargain,KAN,WR,25,12,0,0,0,0,0,0,0,0,,0,29,17,205,12.06,0,0,,0,,,21,37.5,40.5,29.0,,99,,
269,Reggie Johnson,DEN,TE,24,15,7,0,0,0,0,0,2,7,3.50,0,11,10,139,13.90,1,0,,1,,,21,30.6,33.6,25.6,,29,,
270,Kevin Turner,NWE,RB,23,16,1,0,0,0,0,0,10,40,4.00,0,11,7,52,7.43,2,2,,2,,,21,26.2,27.2,22.7,,83,,
271,Tyji Armstrong,TAM,TE,22,15,7,0,0,0,0,0,0,0,,0,14,7,138,19.71,1,0,,1,,,20,26.8,29.8,23.3,,30,,
272,Pat Beach,PHI,TE,33,16,7,0,0,0,0,0,0,0,,0,13,8,75,9.38,2,0,,2,,,20,27.5,27.5,23.5,,32,,
273,Robert Brooks,GNB,WR,22,16,1,0,0,0,0,0,2,14,7.00,0,21,12,126,10.50,1,0,,1,,,20,32.0,35.0,26.0,,100,,
274,Jonathan Hayes,KAN,TE,30,16,16,0,0,0,0,0,0,0,,0,15,9,77,8.56,2,0,,2,,,20,28.7,28.7,24.2,,31,,
275,Tony Jones,ATL,WR,27,10,4,0,0,0,0,0,0,0,,0,30,14,138,9.86,1,0,,1,,,20,33.8,36.8,26.8,,101,,
276,James Jones,SEA,RB,31,16,1,0,0,0,0,0,0,0,,0,38,21,190,9.05,0,0,,0,,,19,40.0,43.0,29.5,,85,,
277,Fred McAfee,NOR,RB,24,14,1,0,0,0,0,0,39,114,2.92,1,1,1,16,16.00,0,0,,1,,,19,20.0,23.0,19.5,,84,,
278,Rk,Player,Tm,FantPos,Age,G,GS,Cmp,Att,Yds,TD,Int,Att,Yds,Y/A,TD,Tgt,Rec,Yds,Y/R,TD,Fmb,FL,TD,2PM,2PP,FantPt,PPR,DKPt,FDPt,VBD,PosRank,OvRank
279,Todd Philcox,CLE,QB,26,2,1,13,27,217,3,1,0,0,,0,,0,0,,0,0,,0,,,19,18.7,19.7,19.7,,51,,
280,Sanjay Beach,GNB,WR,26,16,11,0,0,0,0,0,0,0,,0,35,17,122,7.18,1,1,,1,,,18,34.2,37.7,25.7,,102,,
281,Ken Clark,IND,TE,26,13,2,0,0,0,0,0,40,134,3.35,0,8,5,46,9.20,0,0,,0,,,18,23.0,26.0,20.5,,33,,
282,Kent Graham,NYG,QB,24,6,3,42,97,470,1,4,6,36,6.00,0,,0,0,,0,1,,0,,,18,17.4,24.9,21.4,,52,,
283,Don Majkowski,GNB,QB,28,14,3,38,55,271,2,2,8,33,4.13,0,,0,0,,0,4,,0,,,18,14.1,18.1,16.1,,53,,
284,Pete Holohan,CLE,TE,33,9,1,0,0,0,0,0,0,0,,0,25,20,170,8.50,0,0,,0,,,17,37.0,40.0,27.0,,34,,
285,Hoby Brenner,NOR,TE,33,15,13,0,0,0,0,0,0,0,,0,24,12,161,13.42,0,0,,0,,,16,28.1,31.1,22.1,,35,,
286,Scott Lockwood,NWE,RB,24,4,0,0,0,0,0,0,35,162,4.63,0,1,0,0,,0,1,,0,,,16,15.2,18.7,15.2,,86,,
287,Joe Montana,SFO,QB,36,1,0,15,21,126,2,0,3,28,9.33,0,,0,0,,0,0,,0,,,16,15.8,15.8,15.8,,54,,
288,Mark Boyer,NYJ,TE,30,16,16,0,0,0,0,0,0,0,,0,33,19,149,7.84,0,0,,0,,,15,33.9,36.9,24.4,,37,,
289,Gary Brown,HOU,RB,23,16,0,0,0,0,0,0,19,87,4.58,1,2,1,5,5.00,0,0,,1,,,15,16.2,16.2,15.7,,88,,
290,Ferrell Edmunds,MIA,TE,27,10,5,0,0,0,0,0,0,0,,0,17,10,91,9.10,1,0,,1,,,15,25.1,25.1,20.1,,36,,
291,Stanford Jennings,TAM,RB,30,11,0,0,0,0,0,0,5,25,5.00,0,16,9,69,7.67,1,1,,1,,,15,23.4,23.9,18.9,,87,,
292,Tim Jorden,PIT,TE,26,15,4,0,0,0,0,0,0,0,,0,9,6,28,4.67,2,0,,2,,,15,20.8,20.8,17.8,,38,,
293,Ron Lewis,2TM,WR,24,11,4,0,0,0,0,0,0,0,,0,30,13,152,11.69,0,2,,0,,,15,26.2,30.2,19.7,,103,,
294,Charles Davenport,PIT,WR,24,15,1,0,0,0,0,0,0,0,,0,17,9,136,15.11,0,0,,1,,,14,28.6,31.6,24.1,,108,,
295,Brad Lamb,BUF,WR,25,7,0,0,0,0,0,0,0,0,,0,12,7,139,19.86,0,0,,0,,,14,20.9,23.9,17.4,,106,,
296,Aubrey Matthews,DET,WR,30,13,0,0,0,0,0,0,0,0,,0,17,9,137,15.22,0,0,,0,,,14,22.7,25.7,18.2,,107,,
297,Jake Reed,MIN,WR,25,16,0,0,0,0,0,0,0,0,,0,14,6,142,23.67,0,0,,0,,,14,20.2,23.2,17.2,,104,,
298,Derek Russell,DEN,WR,23,12,6,0,0,0,0,0,0,0,,0,26,12,140,11.67,0,0,,0,,,14,26.0,29.0,20.0,,105,,
299,Anthony Thompson,2TM,RB,25,8,0,0,0,0,0,0,19,65,3.42,1,6,5,11,2.20,0,1,,1,,,14,17.6,18.1,15.1,,89,,
300,Robb Thomas,SEA,WR,26,15,0,0,0,0,0,0,1,-1,-1.00,0,21,11,136,12.36,0,1,,0,,,14,23.5,27.0,18.0,,109,,
301,Frank Wainright,NOR,TE,25,13,4,0,0,0,0,0,0,0,,0,15,9,143,15.89,0,0,,0,,,14,23.3,26.3,18.8,,39,,
302,Jamie Williams,SFO,TE,32,16,1,0,0,0,0,0,0,0,,0,14,7,76,10.86,1,1,,1,,,14,19.6,20.1,16.1,,40,,
303,Reggie Barrett,DET,WR,23,8,6,0,0,0,0,0,0,0,,0,8,4,67,16.75,1,0,,1,,,13,16.7,16.7,14.7,,110,,
304,Paul Green,SEA,TE,26,4,4,0,0,0,0,0,0,0,,0,13,9,67,7.44,1,0,,1,,,13,21.7,21.7,17.2,,41,,
305,Jim McMahon,PHI,QB,33,4,1,22,43,279,1,2,6,23,3.83,0,,0,0,,0,0,,0,,,13,13.5,15.5,15.5,,55,,
306,Mike Tice,MIN,TE,33,12,9,0,0,0,0,0,0,0,,0,6,5,65,13.00,1,0,,1,,,13,17.5,17.5,15.0,,42,,
307,Mike Farr,DET,WR,25,14,9,0,0,0,0,0,0,0,,0,21,15,115,7.67,0,0,,0,,,12,26.5,29.5,19.0,,114,,
308,Mervyn Fernandez,RAI,WR,33,15,1,0,0,0,0,0,0,0,,0,21,9,121,13.44,0,0,,0,,,12,21.1,24.1,16.6,,112,,
309,Rk,Player,Tm,FantPos,Age,G,GS,Cmp,Att,Yds,TD,Int,Att,Yds,Y/A,TD,Tgt,Rec,Yds,Y/R,TD,Fmb,FL,TD,2PM,2PP,FantPt,PPR,DKPt,FDPt,VBD,PosRank,OvRank
310,Scott Galbraith,CLE,TE,25,14,2,0,0,0,0,0,0,0,,0,6,4,63,15.75,1,0,,1,,,12,16.3,16.3,14.3,,43,,
311,Dennis Gentry,CHI,WR,33,15,1,0,0,0,0,0,5,2,0.40,0,30,12,114,9.50,0,0,,0,,,12,23.6,26.6,17.6,,113,,
312,Marc Logan,SFO,RB,27,16,1,0,0,0,0,0,8,44,5.50,1,2,2,17,8.50,0,0,,1,,,12,14.1,14.1,13.1,,90,,
313,Kitrick Taylor,GNB,WR,28,10,0,0,0,0,0,0,0,0,,0,5,2,63,31.50,1,0,,1,,,12,14.3,14.3,13.3,,111,,
314,Dexter Carter,SFO,RB,25,3,0,0,0,0,0,0,4,9,2.25,0,2,1,43,43.00,1,0,,1,,,11,12.2,12.2,11.7,,92,,
315,Roy Green,PHI,WR,35,9,0,0,0,0,0,0,0,0,,0,13,8,105,13.13,0,0,,0,,,11,18.5,21.5,14.5,,115,,
316,Keith McKeller,BUF,TE,28,11,8,0,0,0,0,0,0,0,,0,16,14,110,7.86,0,1,,0,,,11,24.0,27.5,17.0,,44,,
317,Erric Pegram,ATL,RB,23,16,1,0,0,0,0,0,21,89,4.24,0,3,2,25,12.50,0,0,,0,,,11,13.4,13.4,12.4,,91,,
318,Jeff Carlson,NWE,QB,26,3,2,18,49,232,1,3,11,32,2.91,0,,0,0,,0,2,,0,,,10,8.5,12.5,11.5,,56,,
319,David Daniels,SEA,WR,23,13,1,0,0,0,0,0,0,0,,0,11,5,99,19.80,0,0,,0,,,10,14.9,14.9,12.4,,116,,
320,Milt Stegall,CIN,WR,22,16,0,0,0,0,0,0,0,0,,0,7,3,35,11.67,1,1,,1,,,10,11.5,12.0,10.0,,117,,
321,Emile Harry,2TM,WR,29,11,0,0,0,0,0,0,1,27,27.00,0,9,6,58,9.67,0,0,,0,,,9,14.5,14.5,11.5,,120,,
322,Ron Heller,SEA,TE,29,16,11,0,0,0,0,0,0,0,,0,28,12,85,7.08,0,0,,0,,,9,20.5,20.5,14.5,,45,,
323,Mark Herrmann,IND,QB,33,1,1,15,24,177,1,1,3,-2,-0.67,0,,0,0,,0,0,,0,,,9,8.9,9.9,9.9,,57,,
324,Trey Junkin,SEA,TE,31,16,1,0,0,0,0,0,0,0,,0,4,3,25,8.33,1,0,,1,,,9,11.5,11.5,10.0,,46,,
325,Rueben Mayes,SEA,RB,29,16,0,0,0,0,0,0,28,74,2.64,0,5,2,13,6.50,0,1,,0,,,9,9.7,10.2,8.7,,94,,
326,Jason Phillips,ATL,WR,26,12,0,0,0,0,0,0,0,0,,0,9,4,26,6.50,1,0,,1,,,9,12.6,12.6,10.6,,119,,
327,Sammie Smith,DEN,RB,25,3,1,0,0,0,0,0,23,94,4.09,0,,0,0,,0,0,,0,,,9,9.4,9.4,9.4,,93,,
328,Doug Thomas,SEA,WR,23,12,4,0,0,0,0,0,3,7,2.33,0,30,8,85,10.63,0,1,,0,,,9,16.2,16.7,12.2,,118,,
329,Greg Baty,MIA,TE,28,16,0,0,0,0,0,0,0,0,,0,5,3,19,6.33,1,0,,1,,,8,10.9,10.9,9.4,,47,,
330,Johnny Hector,NYJ,RB,32,5,1,0,0,0,0,0,24,67,2.79,0,3,2,13,6.50,0,1,,0,,,8,9.0,9.5,8.0,,95,,
331,Buford McGee,GNB,RB,32,4,3,0,0,0,0,0,8,19,2.38,0,8,6,60,10.00,0,0,,0,,,8,13.9,13.9,10.9,,96,,
332,Travis McNeal,RAM,TE,25,12,0,0,0,0,0,0,0,0,,0,6,4,79,19.75,0,0,,0,,,8,11.9,11.9,9.9,,48,,
333,Timm Rosenbach,PHO,QB,26,8,3,49,92,483,0,6,9,11,1.22,0,,0,0,,0,4,,0,,,8,4.4,15.4,10.4,,58,,
334,Tommie Agee,DAL,RB,28,16,0,0,0,0,0,0,16,54,3.38,0,4,3,18,6.00,0,0,,0,,,7,10.2,10.2,8.7,,98,,
335,Kimble Anders,KAN,RB,26,11,2,0,0,0,0,0,1,1,1.00,0,13,5,65,13.00,0,1,,0,,,7,10.6,11.1,8.1,,101,,
336,A.B. Brown,NYJ,RB,27,7,1,0,0,0,0,0,24,42,1.75,0,6,4,30,7.50,0,1,,0,,,7,10.2,10.7,8.2,,97,,
337,Sam Gash,NWE,RB,23,15,0,0,0,0,0,0,5,7,1.40,1,2,0,0,,0,1,,1,,,7,5.7,6.2,5.7,,100,,
338,John Jackson,PHO,WR,25,6,0,0,0,0,0,0,0,0,,0,1,1,5,5.00,1,0,,1,,,7,7.5,7.5,7.0,,121,,
339,Shawn Moore,DEN,QB,24,3,0,17,34,232,0,3,8,39,4.88,0,,0,0,,0,3,,0,,,7,4.2,8.7,7.2,,59,,
340,Rk,Player,Tm,FantPos,Age,G,GS,Cmp,Att,Yds,TD,Int,Att,Yds,Y/A,TD,Tgt,Rec,Yds,Y/R,TD,Fmb,FL,TD,2PM,2PP,FantPt,PPR,DKPt,FDPt,VBD,PosRank,OvRank
341,Jim Riggs,CIN,TE,29,12,2,0,0,0,0,0,0,0,,0,25,11,70,6.36,0,0,,0,,,7,18.0,18.0,12.5,,49,,
342,Ron Wolfley,CLE,RB,30,15,0,0,0,0,0,0,1,2,2.00,0,4,2,8,4.00,1,0,,1,,,7,9.0,9.0,8.0,,99,,
343,Randy Baldwin,CLE,RB,25,15,0,0,0,0,0,0,10,31,3.10,0,2,2,30,15.00,0,1,,0,,,6,7.1,7.6,6.1,,102,,
344,Robert Clark,MIA,WR,27,3,0,0,0,0,0,0,0,0,,0,4,3,59,19.67,0,0,,0,,,6,8.9,8.9,7.4,,123,,
345,Eddie Fuller,BUF,RB,24,8,0,0,0,0,0,0,6,39,6.50,0,5,2,17,8.50,0,0,,0,,,6,7.6,7.6,6.6,,104,,
346,Clarence Kay,DEN,TE,31,16,13,0,0,0,0,0,0,0,,0,14,7,56,8.00,0,0,,0,,,6,12.6,12.6,9.1,,52,,
347,Brent Novoselsky,MIN,TE,26,16,1,0,0,0,0,0,0,0,,0,4,4,63,15.75,0,0,,0,,,6,10.3,10.3,8.3,,51,,
348,Butch Rolle,PHO,TE,28,16,14,0,0,0,0,0,0,0,,0,22,13,64,4.92,0,0,,0,,,6,19.4,19.4,12.9,,50,,
349,Rico Smith,CLE,WR,23,10,1,0,0,0,0,0,0,0,,0,8,5,64,12.80,0,0,,0,,,6,11.4,11.4,8.9,,122,,
350,Troy Stradford,2TM,RB,28,8,0,0,0,0,0,0,12,41,3.42,0,2,2,15,7.50,0,0,,0,,,6,7.6,7.6,6.6,,103,,
351,Vernon Turner,RAM,WR,25,12,0,0,0,0,0,0,2,14,7.00,0,8,5,42,8.40,0,3,,0,,,6,7.6,9.1,5.1,,124,,
352,Eric Wright,CHI,WR,23,13,0,0,0,0,0,0,0,0,,0,8,5,56,11.20,0,0,,0,,,6,10.6,10.6,8.1,,125,,
353,Kelly Blackwell,CHI,TE,23,16,2,0,0,0,0,0,0,0,,0,12,5,54,10.80,0,0,,0,,,5,10.4,10.4,7.9,,53,,
354,Craig Erickson,TAM,QB,23,6,0,15,26,121,0,0,1,-1,-1.00,0,,0,0,,0,0,,0,,,5,4.7,4.7,4.7,,60,,
355,Robert Green,WAS,RB,22,15,0,0,0,0,0,0,8,46,5.75,0,1,1,5,5.00,0,0,,0,,,5,6.1,6.1,5.6,,105,,
356,Alonzo Highsmith,TAM,RB,27,5,2,0,0,0,0,0,8,23,2.88,0,5,5,28,5.60,0,0,,0,,,5,10.1,10.1,7.6,,106,,
357,Ron Middleton,WAS,TE,27,16,12,0,0,0,0,0,0,0,,0,11,7,50,7.14,0,0,,0,,,5,12.0,12.0,8.5,,54,,
358,James Saxon,MIA,RB,26,16,0,0,0,0,0,0,4,7,1.75,0,6,5,41,8.20,0,0,,0,,,5,9.8,9.8,7.3,,107,,
359,Joey Smith,NYG,WR,23,16,1,0,0,0,0,0,0,0,,0,9,3,45,15.00,0,1,,0,,,5,6.5,7.0,5.0,,127,,
360,George Thomas,2TM,WR,28,10,2,0,0,0,0,0,0,0,,0,13,6,54,9.00,0,0,,0,,,5,11.4,11.4,8.4,,126,,
361,Duane Young,SDG,TE,24,16,14,0,0,0,0,0,0,0,,0,7,4,45,11.25,0,0,,0,,,5,8.5,8.5,6.5,,55,,
362,James Brooks,2TM,RB,34,6,2,0,0,0,0,0,18,44,2.44,0,6,2,-1,-0.50,0,1,,0,,,4,5.3,5.8,4.3,,109,,
363,Cary Conklin,WAS,QB,24,1,0,2,2,16,1,0,3,-4,-1.33,0,,0,0,,0,0,,0,,,4,4.2,4.2,4.2,,61,,
364,Mark Didio,PIT,WR,23,2,0,0,0,0,0,0,0,0,,0,4,3,39,13.00,0,0,,0,,,4,6.9,6.9,5.4,,131,,
365,Floyd Dixon,PHI,WR,28,7,0,0,0,0,0,0,0,0,,0,5,3,36,12.00,0,0,,0,,,4,6.6,6.6,5.1,,132,,
366,Bob Gagliano,SDG,QB,34,5,1,19,42,258,0,3,3,-4,-1.33,0,,0,0,,0,1,,0,,,4,2.9,6.4,5.9,,64,,
367,Ron Morris,CHI,WR,28,4,0,0,0,0,0,0,0,0,,0,10,4,44,11.00,0,0,,0,,,4,8.4,8.4,6.4,,128,,
368,Mike Pagel,RAM,QB,32,16,0,8,20,99,1,2,1,0,0.00,0,,0,0,,0,1,,0,,,4,3.0,5.5,5.0,,62,,
369,Bernie Parmalee,MIA,RB,25,10,0,0,0,0,0,0,6,38,6.33,0,,0,0,,0,3,,0,,,4,0.8,2.3,0.8,,110,,
370,Frank Reich,BUF,QB,31,16,0,24,47,221,0,2,9,-9,-1.00,0,,0,0,,0,3,,0,,,4,0.9,4.4,2.9,,63,,
371,Rk,Player,Tm,FantPos,Age,G,GS,Cmp,Att,Yds,TD,Int,Att,Yds,Y/A,TD,Tgt,Rec,Yds,Y/R,TD,Fmb,FL,TD,2PM,2PP,FantPt,PPR,DKPt,FDPt,VBD,PosRank,OvRank
372,Alfredo Roberts,DAL,TE,27,16,4,0,0,0,0,0,0,0,,0,7,3,36,12.00,0,0,,0,,,4,6.6,6.6,5.1,,56,,
373,Floyd Turner,NOR,WR,26,2,2,0,0,0,0,0,0,0,,0,12,5,43,8.60,0,2,,0,,,4,7.3,8.3,4.8,,129,,
374,Mike Williams,MIA,WR,26,15,0,0,0,0,0,0,0,0,,0,3,3,43,14.33,0,1,,0,,,4,6.3,6.8,4.8,,130,,
375,Warren Williams,PIT,RB,27,16,0,0,0,0,0,0,2,0,0.00,0,1,1,44,44.00,0,0,,0,,,4,5.4,5.4,4.9,,108,,
376,Ottis Anderson,NYG,RB,35,13,0,0,0,0,0,0,10,31,3.10,0,,0,0,,0,0,,0,,,3,3.1,3.1,3.1,,111,,
377,Robert Awalt,BUF,TE,28,14,1,0,0,0,0,0,0,0,,0,8,4,34,8.50,0,0,,0,,,3,7.4,7.4,5.4,,58,,
378,Michael Barber,TAM,WR,25,2,0,0,0,0,0,0,0,0,,0,,1,32,32.00,0,0,,0,,,3,4.2,4.2,3.7,,136,,
379,Steve Beuerlein,DAL,QB,27,16,0,12,18,152,0,1,4,-7,-1.75,0,,0,0,,0,0,,0,,,3,3.4,4.4,4.4,,65,,
380,Derek Brown,NYG,TE,22,16,7,0,0,0,0,0,0,0,,0,6,4,31,7.75,0,0,,0,,,3,7.1,7.1,5.1,,59,,
381,Shawn Collins,CLE,WR,25,9,2,0,0,0,0,0,0,0,,0,16,3,31,10.33,0,0,,0,,,3,6.1,6.1,4.6,,137,,
382,Al Edwards,BUF,WR,25,7,0,0,0,0,0,0,1,8,8.00,0,2,2,25,12.50,0,1,,0,,,3,4.3,4.8,3.3,,134,,
383,Scottie Graham,NYJ,RB,23,2,0,0,0,0,0,0,14,29,2.07,0,,0,0,,0,0,,0,,,3,2.9,2.9,2.9,,112,,
384,Mike Hinnant,DET,TE,26,15,1,0,0,0,0,0,0,0,,0,4,3,28,9.33,0,0,,0,,,3,5.8,5.8,4.3,,62,,
385,Jamie Holland,CLE,WR,28,4,3,0,0,0,0,0,0,0,,0,4,2,27,13.50,0,0,,0,,,3,4.7,4.7,3.7,,138,,
386,Desmond Howard,WAS,WR,22,16,1,0,0,0,0,0,3,14,4.67,0,4,3,20,6.67,0,1,,1,,,3,11.4,11.9,9.9,,133,,
387,Jimmie Johnson,DET,TE,26,16,5,0,0,0,0,0,0,0,,0,9,6,34,5.67,0,0,,0,,,3,9.4,9.4,6.4,,57,,
388,Tracy Johnson,SEA,RB,26,16,0,0,0,0,0,0,3,26,8.67,0,1,0,0,,0,0,,0,,,3,2.6,2.6,2.6,,114,,
389,David Jones,RAI,TE,24,16,0,0,0,0,0,0,0,0,,0,3,2,29,14.50,0,0,,0,,,3,4.9,4.9,3.9,,61,,
390,James Milling,ATL,WR,27,5,0,0,0,0,0,0,0,0,,0,4,3,25,8.33,0,0,,0,,,3,5.5,5.5,4.0,,139,,
391,Walter Reeves,PHO,TE,27,16,16,0,0,0,0,0,0,0,,0,10,6,28,4.67,0,0,,0,,,3,8.8,8.8,5.8,,63,,
392,Steve Tasker*,BUF,WR,30,15,2,0,0,0,0,0,1,9,9.00,0,6,2,24,12.00,0,0,,0,,,3,5.3,5.3,4.3,,135,,
393,Lewis Tillman,NYG,RB,26,16,0,0,0,0,0,0,6,13,2.17,0,1,1,15,15.00,0,0,,0,,,3,3.8,3.8,3.3,,113,,
394,Don Warren,WAS,TE,36,11,10,0,0,0,0,0,0,0,,0,4,4,25,6.25,0,0,,0,,,3,6.5,6.5,4.5,,64,,
395,Ed West,GNB,TE,31,16,8,0,0,0,0,0,0,0,,0,10,4,30,7.50,0,0,,0,,,3,7.0,7.0,5.0,,60,,
396,Eric Blount,PHO,WR,22,4,0,0,0,0,0,0,1,-1,-1.00,0,4,3,18,6.00,0,0,,0,,,2,4.7,4.7,3.2,,141,,
397,Maurice Carthon,IND,RB,31,16,5,0,0,0,0,0,4,9,2.25,0,7,3,10,3.33,0,0,,0,,,2,4.9,4.9,3.4,,117,,
398,Robert Claiborne,SDG,WR,25,9,0,0,0,0,0,0,0,0,,0,2,1,15,15.00,0,0,,0,,,2,2.5,2.5,2.0,,143,,
399,Maurice Johnson,PHI,TE,25,11,3,0,0,0,0,0,0,0,,0,6,2,16,8.00,0,0,,0,,,2,3.6,3.6,2.6,,68,,
400,Mike Jones,SEA,TE,26,4,1,0,0,0,0,0,0,0,,0,3,3,18,6.00,0,0,,0,,,2,4.8,4.8,3.3,,67,,
401,Victor Jones,DEN,RB,25,16,1,0,0,0,0,0,0,0,,0,3,3,17,5.67,0,0,,0,,,2,4.7,4.7,3.2,,118,,
402,Rk,Player,Tm,FantPos,Age,G,GS,Cmp,Att,Yds,TD,Int,Att,Yds,Y/A,TD,Tgt,Rec,Yds,Y/R,TD,Fmb,FL,TD,2PM,2PP,FantPt,PPR,DKPt,FDPt,VBD,PosRank,OvRank
403,Ostell Miles,CIN,RB,22,11,0,0,0,0,0,0,8,22,2.75,0,,0,0,,0,0,,0,,,2,2.2,2.2,2.2,,116,,
404,Pat Newman,NOR,WR,24,10,0,0,0,0,0,0,0,0,,0,7,3,21,7.00,0,2,,0,,,2,3.1,4.1,1.6,,140,,
405,Troy Sadowski,NYJ,TE,27,6,2,0,0,0,0,0,0,0,,0,3,1,20,20.00,0,0,,0,,,2,3.0,3.0,2.5,,66,,
406,Tommie Stowers,NOR,TE,26,12,0,0,0,0,0,0,0,0,,0,5,4,23,5.75,0,0,,0,,,2,6.3,6.3,4.3,,65,,
407,Ed Tillison,DET,RB,23,6,0,0,0,0,0,0,4,22,5.50,0,,0,0,,0,0,,0,,,2,2.2,2.2,2.2,,115,,
408,Barry Wagner,CHI,WR,25,1,0,0,0,0,0,0,0,0,,0,1,1,16,16.00,0,0,,0,,,2,2.6,2.6,2.1,,142,,
409,Dave Brown,NYG,QB,22,2,0,4,7,21,0,0,2,-1,-0.50,0,,0,0,,0,0,,0,,,1,0.7,0.7,0.7,,67,,
410,Sheldon Canley,NYJ,RB,24,1,0,0,0,0,0,0,4,9,2.25,0,1,0,0,,0,0,,0,,,1,0.9,0.9,0.9,,124,,
411,Pat Coleman,HOU,WR,25,14,0,0,0,0,0,0,0,0,,0,4,2,10,5.00,0,0,,0,,,1,3.0,3.0,2.0,,146,,
412,Aaron Craver,MIA,RB,24,6,0,0,0,0,0,0,3,9,3.00,0,4,0,0,,0,0,,0,,,1,0.9,0.9,0.9,,123,,
413,Marcus Dowdell,NOR,WR,22,4,0,0,0,0,0,0,0,0,,0,1,1,6,6.00,0,4,,0,,,1,-2.4,-0.4,-2.9,,149,,
414,Mike Dyal,KAN,TE,26,3,0,0,0,0,0,0,0,0,,0,1,1,7,7.00,0,0,,0,,,1,1.7,1.7,1.2,,75,,
415,Derrick Gainer,2TM,RB,26,7,0,0,0,0,0,0,2,10,5.00,0,,0,0,,0,0,,0,,,1,1.0,1.0,1.0,,122,,
416,Brad Goebel,CLE,QB,25,1,0,2,3,32,0,0,0,0,,0,,0,0,,0,0,,0,,,1,1.3,1.3,1.3,,66,,
417,Bill Jones,KAN,RB,26,7,6,0,0,0,0,0,0,0,,0,5,2,6,3.00,0,0,,0,,,1,2.6,2.6,1.6,,126,,
418,Glen Kozlowski,CHI,WR,30,4,0,0,0,0,0,0,0,0,,0,3,1,7,7.00,0,0,,0,,,1,1.7,1.7,1.2,,148,,
419,Keenan McCardell,CLE,WR,22,2,0,0,0,0,0,0,0,0,,0,2,1,8,8.00,0,0,,0,,,1,1.8,1.8,1.3,,147,,
420,Napoleon McCallum,RAI,RB,29,13,0,0,0,0,0,0,0,0,,0,2,2,13,6.50,0,0,,0,,,1,3.3,3.3,2.3,,120,,
421,Thomas McLemore,DET,TE,22,11,1,0,0,0,0,0,0,0,,0,4,2,12,6.00,0,0,,0,,,1,3.2,3.2,2.2,,72,,
422,Dexter McNabb,GNB,RB,23,16,0,0,0,0,0,0,2,11,5.50,0,,0,0,,0,0,,0,,,1,1.1,1.1,1.1,,121,,
423,Dave Moore,2TM,TE,23,5,2,0,0,0,0,0,0,0,,0,1,1,10,10.00,0,0,,0,,,1,2.0,2.0,1.5,,74,,
424,Darrin Nelson,MIN,RB,33,16,0,0,0,0,0,0,10,5,0.50,0,2,0,0,,0,2,,0,,,1,-1.5,-0.5,-1.5,,127,,
425,Jeff Parker,TAM,WR,23,3,0,0,0,0,0,0,0,0,,0,4,1,12,12.00,0,0,,0,,,1,2.2,2.2,1.7,,144,,
426,Bob Perryman,DEN,RB,28,4,1,0,0,0,0,0,3,-1,-0.33,0,,2,15,7.50,0,0,,0,,,1,3.4,3.4,2.4,,119,,
427,Mazio Royster,TAM,RB,22,5,0,0,0,0,0,0,0,0,,0,1,1,8,8.00,0,0,,0,,,1,1.8,1.8,1.3,,125,,
428,Derek Tennell,2TM,TE,28,3,2,0,0,0,0,0,0,0,,0,5,2,12,6.00,0,0,,0,,,1,3.2,3.2,2.2,,71,,
429,Jeff Thomason,CIN,TE,23,4,0,0,0,0,0,0,0,0,,0,3,2,14,7.00,0,0,,0,,,1,3.4,3.4,2.4,,69,,
430,Derek Ware,PHO,TE,25,15,0,0,0,0,0,0,0,0,,0,1,1,13,13.00,0,0,,0,,,1,2.3,2.3,1.8,,70,,
431,Ken Whisenhunt,NYJ,TE,30,10,5,0,0,0,0,0,0,0,,0,3,2,11,5.50,0,0,,0,,,1,3.1,3.1,2.1,,73,,
432,Mike Young,DEN,WR,30,3,0,0,0,0,0,0,0,0,,0,4,1,11,11.00,0,0,,0,,,1,2.1,2.1,1.6,,145,,
433,Rk,Player,Tm,FantPos,Age,G,GS,Cmp,Att,Yds,TD,Int,Att,Yds,Y/A,TD,Tgt,Rec,Yds,Y/R,TD,Fmb,FL,TD,2PM,2PP,FantPt,PPR,DKPt,FDPt,VBD,PosRank,OvRank
434,Jeff Alexander,DEN,,27,7,0,0,0,0,0,0,0,0,,0,,0,0,,0,0,,0,,,,,,,,1,,
435,Jesse Anderson,2TM,,26,3,0,0,0,0,0,0,0,0,,0,,0,0,,0,0,,0,,,,,,,,78,,
436,Johnnie Barnes,SDG,,24,1,0,0,0,0,0,0,0,0,,0,,0,0,,0,0,,0,,,,,,,,162,,
437,Albert Bentley,PIT,,32,2,0,0,0,0,0,0,0,0,,0,,0,0,,0,0,,0,,,,,,,,136,,
438,John Brandes,2TM,,28,5,0,0,0,0,0,0,0,0,,0,,0,0,,0,1,,0,,,,-1.0,-0.5,-1.0,,92,,
439,Tony Brooks,PHI,,23,5,0,0,0,0,0,0,0,0,,0,,0,0,,0,0,,0,,,,,,,,129,,
440,Mike Buck,NOR,QB,25,2,0,2,4,10,0,0,3,-4,-1.33,0,,0,0,,0,0,,0,,,,,,,,70,,
441,Russ Campbell,PIT,,23,7,0,0,0,0,0,0,0,0,,0,1,0,0,,0,0,,0,,,,,,,,81,,
442,Willie Culpepper,TAM,,25,3,0,0,0,0,0,0,0,0,,0,,0,0,,0,0,,0,,,,,,,,172,,
443,Dale Dawkins,NYJ,,26,6,0,0,0,0,0,0,0,0,,0,1,0,0,,0,0,,0,,,,,,,,168,,
444,Chris Dressel,SFO,,31,1,0,0,0,0,0,0,0,0,,0,,0,0,,0,0,,0,,,,,,,,84,,
445,John Granby,DEN,,24,4,1,0,0,0,0,0,0,0,,0,,0,0,,0,0,,0,,,,,,,,165,,
446,Carl Harry,WAS,,25,1,0,0,0,0,0,0,0,0,,0,,0,0,,0,0,,0,,,,,,,,163,,
447,Todd Harrison,TAM,,23,1,0,0,0,0,0,0,0,0,,0,,0,0,,0,0,,0,,,,,,,,80,,
448,Stephen Hobbs,WAS,,27,2,0,0,0,0,0,0,0,0,,0,,0,0,,0,0,,0,,,,,,,,169,,
449,Darryl Ingram,GNB,,26,16,0,0,0,0,0,0,0,0,,0,,0,0,,0,0,,0,,,,,,,,86,,
450,Alfred Jackson,CLE,,25,5,0,0,0,0,0,0,0,0,,0,,0,0,,0,0,,0,,,,,,,,171,,
451,James Jenkins,WAS,,25,5,1,0,0,0,0,0,0,0,,0,,0,0,,0,0,,0,,,,,,,,82,,
452,Jim Jensen,MIA,,34,3,0,0,0,0,0,0,0,0,,0,,0,0,,0,0,,0,,,,,,,,159,,
453,Damone Johnson,RAM,,30,4,0,0,0,0,0,0,0,0,,0,,0,0,,0,0,,0,,,,,,,,90,,
454,Buford Jordan,NOR,,30,2,0,0,0,0,0,0,0,0,,0,,0,0,,0,1,,0,,,,-1.0,-0.5,-1.0,,138,,
455,James Joseph,PHI,,25,16,0,0,0,0,0,0,0,0,,0,,0,0,,0,0,,0,,,,,,,,140,,
456,Eric Kattus,NYJ,,29,4,0,0,0,0,0,0,0,0,,0,,0,0,,0,0,,0,,,,,,,,89,,
457,Brian Kinchen,CLE,,27,16,0,0,0,0,0,0,0,0,,0,,0,0,,0,0,,0,,,,,,,,93,,
458,Todd Kinchen,RAM,,23,14,0,0,0,0,0,0,0,0,,0,2,0,0,,0,0,,2,,,,12.0,12.0,12.0,,152,,
459,Tim Lester,RAM,,24,11,0,0,0,0,0,0,0,0,,0,,0,0,,0,0,,0,,,,,,,,135,,
460,Harper LeBel,ATL,,29,16,2,0,0,0,0,0,0,0,,0,,0,0,,0,1,,0,,,,-1.0,-0.5,-1.0,,91,,
461,Louis Lipps,NOR,WR,30,2,0,0,0,0,0,0,0,0,,0,1,1,1,1.00,0,1,,0,,,,0.1,0.6,-0.4,,151,,
462,Eric Lynch,DET,,22,1,0,0,0,0,0,0,0,0,,0,,0,0,,0,0,,0,,,,,,,,134,,
463,Damon Mays,HOU,,24,1,0,0,0,0,0,0,0,0,,0,,0,0,,0,0,,0,,,,,,,,161,,
464,Rk,Player,Tm,FantPos,Age,G,GS,Cmp,Att,Yds,TD,Int,Att,Yds,Y/A,TD,Tgt,Rec,Yds,Y/R,TD,Fmb,FL,TD,2PM,2PP,FantPt,PPR,DKPt,FDPt,VBD,PosRank,OvRank
465,Deems May,SDG,,23,16,6,0,0,0,0,0,0,0,,0,,0,0,,0,0,,0,,,,,,,,79,,
466,Dan McGwire,SEA,QB,25,2,1,17,30,116,0,3,3,13,4.33,0,,0,0,,0,1,,0,,,,-1.1,2.4,1.9,,71,,
467,Eddie Miller,IND,,23,14,0,0,0,0,0,0,0,0,,0,,0,0,,0,0,,0,,,,,,,,166,,
468,Scott Miller,MIA,,24,15,0,0,0,0,0,0,0,0,,0,,0,0,,0,2,,0,,,,-2.0,-1.0,-2.0,,158,,
469,Scott Mitchell,MIA,QB,24,16,0,2,8,32,0,1,8,10,1.25,0,,0,0,,0,1,,0,,,,-0.7,0.8,0.3,,68,,
470,Ricky Nattiel,DEN,,26,4,0,0,0,0,0,0,0,0,,0,,0,0,,0,0,,0,,,,,,,,154,,
471,Don Overton,DET,,25,1,0,0,0,0,0,0,0,0,,0,,0,0,,0,0,,0,,,,,,,,139,,
472,Darrick Owens,PIT,,22,3,0,0,0,0,0,0,0,0,,0,,0,0,,0,0,,0,,,,,,,,157,,
473,Aaron Pierce,NYG,,23,1,0,0,0,0,0,0,0,0,,0,,0,0,,0,0,,0,,,,,,,,83,,
474,Alfred Pupunu,SDG,,23,15,2,0,0,0,0,0,0,0,,0,1,0,0,,0,0,,0,,,,,,,,77,,
475,Bucky Richardson,HOU,QB,23,7,0,0,0,0,0,0,1,-1,-1.00,0,,0,0,,0,0,,0,,,,-0.1,-0.1,-0.1,,72,,
476,Ray Rowe,WAS,,23,3,0,0,0,0,0,0,0,0,,0,,0,0,,0,0,,0,,,,,,,,85,,
477,Jeff Rutledge,WAS,,35,16,0,0,0,0,0,0,0,0,,0,,0,0,,0,0,,0,,,,,,,,69,,
478,Jimmy Smith,DAL,,23,7,0,0,0,0,0,0,0,0,,0,,0,0,,0,0,,0,,,,,,,,164,,
479,Kevin Smith,RAI,,23,1,0,0,0,0,0,0,0,0,,0,,0,0,,0,0,,0,,,,,,,,87,,
480,Michael Smith,KAN,,22,2,0,0,0,0,0,0,0,0,,0,1,0,0,,0,0,,0,,,,,,,,155,,
481,Siran Stacy,PHI,,24,16,0,0,0,0,0,0,0,0,,0,,0,0,,0,0,,0,,,,,,,,130,,
482,Jeff Sydner,PHI,,23,15,0,0,0,0,0,0,0,0,,0,4,0,0,,0,1,,0,,,,-1.0,-0.5,-1.0,,160,,
483,Yancey Thigpen,PIT,WR,23,12,0,0,0,0,0,0,0,0,,0,4,1,2,2.00,0,0,,0,,,,1.2,1.2,0.7,,150,,
484,John Tice,NOR,,32,3,1,0,0,0,0,0,0,0,,0,,0,0,,0,0,,0,,,,,,,,94,,
485,Spencer Tillman,HOU,RB,28,16,0,0,0,0,0,0,1,1,1.00,0,,0,0,,0,2,,0,,,,-1.9,-0.9,-1.9,,128,,
486,Ed Toner,IND,,24,8,0,0,0,0,0,0,0,0,,0,,0,0,,0,0,,0,,,,,,,,131,,
487,Brian Treggs,SEA,,22,2,0,0,0,0,0,0,0,0,,0,,0,0,,0,0,,0,,,,,,,,167,,
488,Peter Tuipulotu,SDG,,23,6,0,0,0,0,0,0,0,0,,0,,0,0,,0,0,,0,,,,,,,,132,,
489,Adam Walker,SFO,,24,1,0,0,0,0,0,0,0,0,,0,,0,0,,0,0,,0,,,,,,,,133,,
490,Chris Walsh,BUF,,24,2,0,0,0,0,0,0,0,0,,0,,0,0,,0,0,,0,,,,,,,,170,,
491,Gary Wellman,HOU,,25,9,0,0,0,0,0,0,0,0,,0,,0,0,,0,0,,0,,,,,,,,156,,
492,Ronnie West,MIN,,24,12,0,0,0,0,0,0,0,0,,0,,0,0,,0,1,,0,,,,-1.0,-0.5,-1.0,,153,,
493,Danta Whitaker,MIN,TE,28,6,2,0,0,0,0,0,0,0,,0,1,1,4,4.00,0,0,,0,,,,1.4,1.4,0.9,,76,,
494,Marcus Wilson,GNB,,24,6,0,0,0,0,0,0,0,0,,0,,0,0,,0,0,,0,,,,,,,,137,,
495,Rk,Player,Tm,FantPos,Age,G,GS,Cmp,Att,Yds,TD,Int,Att,Yds,Y/A,TD,Tgt,Rec,Yds,Y/R,TD,Fmb,FL,TD,2PM,2PP,FantPt,PPR,DKPt,FDPt,VBD,PosRank,OvRank
496,Willie Wright,PHO,,24,9,0,0,0,0,0,0,0,0,,0,,0,0,,0,0,,0,,,,,,,,88,,
497,Jeff Blake,NYJ,QB,22,3,0,4,9,40,0,1,2,-2,-1.00,0,,0,0,,0,1,,0,,,-1,-1.6,-0.1,-0.6,,73,,
498,Will Furrer,CHI,QB,24,2,1,9,25,89,0,3,0,0,,0,,0,0,,0,1,,0,,,-2,-3.4,0.1,-0.4,,74,,
499,Tony Sacca,PHO,QB,22,2,0,4,11,29,0,2,0,0,,0,,0,0,,0,0,,0,,,-3,-2.8,-0.8,-0.8,,75,,
